{
  "Delete User2" : {
    "transaction" : "Delete User2",
    "sampleCount" : 20,
    "errorCount" : 0,
    "errorPct" : 0.0,
    "meanResTime" : 814.95,
    "medianResTime" : 719.5,
    "minResTime" : 697.0,
    "maxResTime" : 2042.0,
    "pct1ResTime" : 924.5,
    "pct2ResTime" : 1986.1499999999992,
    "pct3ResTime" : 2042.0,
    "throughput" : 0.5079494082389394,
    "receivedKBytesPerSec" : 0.49835095018286174,
    "sentKBytesPerSec" : 0.10268117920455122
  },
  "Update User2" : {
    "transaction" : "Update User2",
    "sampleCount" : 20,
    "errorCount" : 0,
    "errorPct" : 0.0,
    "meanResTime" : 774.6500000000001,
    "medianResTime" : 717.5,
    "minResTime" : 700.0,
    "maxResTime" : 1431.0,
    "pct1ResTime" : 862.0000000000001,
    "pct2ResTime" : 1402.7499999999995,
    "pct3ResTime" : 1431.0,
    "throughput" : 0.5108295872496935,
    "receivedKBytesPerSec" : 0.5486928349765018,
    "sentKBytesPerSec" : 0.11922682749284838
  },
  "Total" : {
    "transaction" : "Total",
    "sampleCount" : 60,
    "errorCount" : 0,
    "errorPct" : 0.0,
    "meanResTime" : 1038.7166666666667,
    "medianResTime" : 786.0,
    "minResTime" : 697.0,
    "maxResTime" : 3098.0,
    "pct1ResTime" : 1996.3999999999996,
    "pct2ResTime" : 2174.8499999999995,
    "pct3ResTime" : 3098.0,
    "throughput" : 1.432493732839919,
    "receivedKBytesPerSec" : 1.5019500940074013,
    "sentKBytesPerSec" : 0.3124253909514146
  },
  "Create User2" : {
    "transaction" : "Create User2",
    "sampleCount" : 20,
    "errorCount" : 0,
    "errorPct" : 0.0,
    "meanResTime" : 1526.55,
    "medianResTime" : 1213.0,
    "minResTime" : 1098.0,
    "maxResTime" : 3098.0,
    "pct1ResTime" : 2385.2000000000007,
    "pct2ResTime" : 3063.4999999999995,
    "pct3ResTime" : 3098.0,
    "throughput" : 0.498355427090601,
    "receivedKBytesPerSec" : 0.5433242175819795,
    "sentKBytesPerSec" : 0.10901524967606897
  }
}